id,name,username,email,sesion_1,sesion_2,sesion_3,sesion_4,sesion_5,sesion_6,sesion_7,sesion_8,trabajo_1,trabajo_2,trabajo_3,trabajo_4,sesiones_asistidas,sesiones_en_vivo,sesiones_grabacion,trabajos_entregados,pct_asistencia,pct_entrega,primera_actividad,ultima_actividad
1,Silvia Carrasco,scarrasco664,scarrasco664@gmail.com,EN VIVO,EN VIVO,EN VIVO,GRABACIÓN,EN VIVO,SIN ASISTENCIA,SIN ASISTENCIA,EN VIVO,1,0,0,0,6,5,1,1,75.0,25.0,2024-02-03T23:24:14.999500,2024-04-01T23:44:40.893273
2,María del Carmen Brito,mbrito260,mbrito260@hotmail.com,GRABACIÓN,GRABACIÓN,GRABACIÓN,SIN ASISTENCIA,SIN ASISTENCIA,SIN ASISTENCIA,SIN ASISTENCIA,SIN ASISTENCIA,1,1,0,1,3,0,3,3,37.5,75.0,2024-02-06T06:25:46.186264,2024-04-01T03:01:43.003484
3,Diana Garay,dgaray702,dgaray702@itmerida.mx,EN VIVO,SIN ASISTENCIA,EN VIVO,GRABACIÓN,GRABACIÓN,EN VIVO,EN VIVO,SIN ASISTENCIA,1,0,0,0,6,4,2,1,75.0,25.0,2024-02-04T07:42:19.387774,2024-03-31T11:42:35.323391
4,Felix Caballero,fcaballero442,fcaballero442@gmail.com,EN VIVO,GRABACIÓN,GRABACIÓN,GRABACIÓN,SIN ASISTENCIA,SIN ASISTENCIA,EN VIVO,SIN ASISTENCIA,1,0,0,1,5,2,3,2,62.5,50.0,2024-02-03T15:13:54.773595,2024-04-01T23:05:16.745818
5,Benjamín Rico,brico233,brico233@hotmail.com,GRABACIÓN,EN VIVO,EN VIVO,SIN ASISTENCIA,EN VIVO,SIN ASISTENCIA,EN VIVO,EN VIVO,1,1,1,1,6,5,1,4,75.0,100.0,2024-02-07T09:55:58.094500,2024-04-01T20:46:05.940891
6,Rosario Nájera,rnájera213,rnájera213@itmerida.mx,GRABACIÓN,SIN ASISTENCIA,EN VIVO,GRABACIÓN,SIN ASISTENCIA,EN VIVO,SIN ASISTENCIA,SIN ASISTENCIA,1,0,0,1,4,2,2,2,50.0,50.0,2024-02-03T19:46:55.787554,2024-04-01T11:57:38.508905
7,Asunción Curiel,acuriel469,acuriel469@itmerida.mx,GRABACIÓN,SIN ASISTENCIA,SIN ASISTENCIA,GRABACIÓN,SIN ASISTENCIA,EN VIVO,SIN ASISTENCIA,SIN ASISTENCIA,1,1,1,0,3,1,2,3,37.5,75.0,2024-02-07T00:22:15.475210,2024-04-02T18:15:38.870676
8,Silvia Valdés,svaldés787,svaldés787@hotmail.com,EN VIVO,EN VIVO,EN VIVO,SIN ASISTENCIA,SIN ASISTENCIA,SIN ASISTENCIA,SIN ASISTENCIA,SIN ASISTENCIA,1,1,1,0,3,3,0,3,37.5,75.0,2024-02-04T15:26:57.819901,2024-04-01T05:27:42.800457
9,Citlali Reynoso,creynoso294,creynoso294@hotmail.com,GRABACIÓN,GRABACIÓN,GRABACIÓN,GRABACIÓN,GRABACIÓN,EN VIVO,EN VIVO,EN VIVO,1,1,1,0,8,3,5,3,100.0,75.0,2024-02-03T23:41:35.235805,2024-04-01T08:11:00.342100
10,Hernán Saucedo,hsaucedo114,hsaucedo114@gmail.com,GRABACIÓN,EN VIVO,EN VIVO,GRABACIÓN,EN VIVO,EN VIVO,SIN ASISTENCIA,SIN ASISTENCIA,1,0,1,0,6,4,2,2,75.0,50.0,2024-02-06T14:09:27.666936,2024-03-31T14:14:26.696358
11,Norma Rocha,nrocha377,nrocha377@outlook.com,EN VIVO,GRABACIÓN,GRABACIÓN,SIN ASISTENCIA,SIN ASISTENCIA,SIN ASISTENCIA,EN VIVO,SIN ASISTENCIA,1,1,1,0,4,2,2,3,50.0,75.0,2024-02-04T01:56:18.541762,2024-04-02T06:05:48.854109
12,Francisco Javier Lozada,flozada757,flozada757@uady.mx,EN VIVO,EN VIVO,EN VIVO,SIN ASISTENCIA,SIN ASISTENCIA,SIN ASISTENCIA,SIN ASISTENCIA,SIN ASISTENCIA,1,1,0,0,3,3,0,2,37.5,50.0,2024-02-03T23:39:05.557928,2024-04-02T12:07:27.204698
13,Jaqueline Domínguez,jdomínguez90,jdomínguez90@itmerida.mx,EN VIVO,SIN ASISTENCIA,EN VIVO,EN VIVO,SIN ASISTENCIA,SIN ASISTENCIA,EN VIVO,SIN ASISTENCIA,1,1,0,1,4,4,0,3,50.0,75.0,2024-02-07T00:44:56.001753,2024-04-02T08:47:01.681075
14,Margarita Tamez,mtamez916,mtamez916@outlook.com,EN VIVO,GRABACIÓN,SIN ASISTENCIA,EN VIVO,SIN ASISTENCIA,SIN ASISTENCIA,SIN ASISTENCIA,SIN ASISTENCIA,1,0,1,0,3,2,1,2,37.5,50.0,2024-02-03T15:02:21.724400,2024-03-31T18:50:56.411337
15,Indira Barrientos,ibarrientos56,ibarrientos56@hotmail.com,EN VIVO,EN VIVO,GRABACIÓN,SIN ASISTENCIA,SIN ASISTENCIA,EN VIVO,SIN ASISTENCIA,EN VIVO,0,1,1,0,5,4,1,2,62.5,50.0,2024-02-05T22:51:42.340325,2024-04-01T19:47:07.245963
16,Zacarías Ozuna,zozuna885,zozuna885@hotmail.com,GRABACIÓN,GRABACIÓN,GRABACIÓN,EN VIVO,SIN ASISTENCIA,GRABACIÓN,SIN ASISTENCIA,GRABACIÓN,0,1,1,1,6,1,5,3,75.0,75.0,2024-02-06T04:25:05.119278,2024-04-01T23:39:14.232953
17,Maximiliano Villalobos,mvillalobos294,mvillalobos294@uady.mx,EN VIVO,EN VIVO,SIN ASISTENCIA,SIN ASISTENCIA,SIN ASISTENCIA,SIN ASISTENCIA,SIN ASISTENCIA,SIN ASISTENCIA,0,1,1,1,2,2,0,3,25.0,75.0,2024-02-07T01:03:39.268602,2024-04-01T20:36:32.351391
18,Nicolás Leiva,nleiva389,nleiva389@outlook.com,EN VIVO,SIN ASISTENCIA,EN VIVO,GRABACIÓN,EN VIVO,EN VIVO,SIN ASISTENCIA,SIN ASISTENCIA,0,0,1,0,5,4,1,1,62.5,25.0,2024-02-03T21:37:46.679477,2024-04-01T02:23:47.576134
19,Eloisa Moreno,emoreno728,emoreno728@gmail.com,GRABACIÓN,GRABACIÓN,EN VIVO,SIN ASISTENCIA,EN VIVO,GRABACIÓN,SIN ASISTENCIA,SIN ASISTENCIA,1,1,0,0,5,2,3,2,62.5,50.0,2024-02-03T23:17:03.160989,2024-03-31T03:17:18.619639
20,Flavio Guzmán,fguzmán756,fguzmán756@hotmail.com,EN VIVO,EN VIVO,GRABACIÓN,GRABACIÓN,SIN ASISTENCIA,SIN ASISTENCIA,EN VIVO,EN VIVO,1,0,1,0,6,4,2,2,75.0,50.0,2024-02-04T11:51:43.120960,2024-04-03T00:23:25.828127
21,Eduardo Quintero,equintero398,equintero398@outlook.com,GRABACIÓN,GRABACIÓN,EN VIVO,EN VIVO,EN VIVO,SIN ASISTENCIA,SIN ASISTENCIA,SIN ASISTENCIA,0,0,0,1,5,3,2,1,62.5,25.0,2024-02-05T22:37:43.225172,2024-03-31T12:50:35.495366
22,Nicolás de la Crúz,ndelacrúz873,ndelacrúz873@gmail.com,EN VIVO,SIN ASISTENCIA,GRABACIÓN,EN VIVO,GRABACIÓN,GRABACIÓN,SIN ASISTENCIA,EN VIVO,1,0,0,0,6,3,3,1,75.0,25.0,2024-02-04T22:55:24.951423,2024-04-02T16:17:52.096633
23,María Teresa Ruiz,mruiz834,mruiz834@outlook.com,EN VIVO,EN VIVO,SIN ASISTENCIA,GRABACIÓN,SIN ASISTENCIA,SIN ASISTENCIA,SIN ASISTENCIA,GRABACIÓN,1,1,1,1,4,2,2,4,50.0,100.0,2024-02-04T13:24:02.722785,2024-03-31T12:27:46.950375
24,Jacobo Báez,jbáez77,jbáez77@hotmail.com,GRABACIÓN,SIN ASISTENCIA,EN VIVO,EN VIVO,GRABACIÓN,EN VIVO,EN VIVO,SIN ASISTENCIA,1,1,0,0,6,4,2,2,75.0,50.0,2024-02-03T17:52:29.066573,2024-04-01T23:26:54.967312
25,Mónica Villegas,mvillegas681,mvillegas681@uady.mx,GRABACIÓN,GRABACIÓN,EN VIVO,SIN ASISTENCIA,EN VIVO,SIN ASISTENCIA,EN VIVO,SIN ASISTENCIA,1,1,1,0,5,3,2,3,62.5,75.0,2024-02-05T13:07:44.384856,2024-04-01T04:13:51.748726
26,Marisol Camarillo,mcamarillo156,mcamarillo156@outlook.com,EN VIVO,GRABACIÓN,SIN ASISTENCIA,EN VIVO,SIN ASISTENCIA,EN VIVO,SIN ASISTENCIA,SIN ASISTENCIA,1,0,0,0,4,3,1,1,50.0,25.0,2024-02-03T20:32:55.065855,2024-04-03T00:18:48.658888
27,Tomás Tafoya,ttafoya772,ttafoya772@itmerida.mx,EN VIVO,EN VIVO,SIN ASISTENCIA,GRABACIÓN,EN VIVO,SIN ASISTENCIA,SIN ASISTENCIA,SIN ASISTENCIA,1,0,0,1,4,3,1,2,50.0,50.0,2024-02-05T16:17:53.762280,2024-04-02T18:52:57.660291
28,Sandra Jaime,sjaime448,sjaime448@itmerida.mx,GRABACIÓN,SIN ASISTENCIA,EN VIVO,SIN ASISTENCIA,EN VIVO,SIN ASISTENCIA,SIN ASISTENCIA,SIN ASISTENCIA,1,1,0,1,3,2,1,3,37.5,75.0,2024-02-06T14:37:05.281920,2024-03-31T16:30:36.368018
29,Francisco Javier Benítez,fbenítez234,fbenítez234@hotmail.com,GRABACIÓN,SIN ASISTENCIA,SIN ASISTENCIA,EN VIVO,GRABACIÓN,SIN ASISTENCIA,SIN ASISTENCIA,SIN ASISTENCIA,1,1,0,1,3,1,2,3,37.5,75.0,2024-02-04T08:11:06.743257,2024-03-31T14:13:21.852839
30,Araceli Gaitán,agaitán783,agaitán783@gmail.com,EN VIVO,GRABACIÓN,EN VIVO,GRABACIÓN,GRABACIÓN,GRABACIÓN,SIN ASISTENCIA,SIN ASISTENCIA,1,1,0,0,6,2,4,2,75.0,50.0,2024-02-05T06:42:33.249446,2024-04-01T18:06:20.835972
31,Jacinto Granado,jgranado652,jgranado652@hotmail.com,EN VIVO,GRABACIÓN,EN VIVO,SIN ASISTENCIA,EN VIVO,SIN ASISTENCIA,SIN ASISTENCIA,SIN ASISTENCIA,1,0,1,1,4,3,1,3,50.0,75.0,2024-02-06T07:19:19.273670,2024-04-02T23:05:12.433757
32,Flavio Olivas,folivas75,folivas75@uady.mx,EN VIVO,GRABACIÓN,GRABACIÓN,SIN ASISTENCIA,SIN ASISTENCIA,GRABACIÓN,SIN ASISTENCIA,EN VIVO,1,0,0,1,5,2,3,2,62.5,50.0,2024-02-05T10:15:29.163778,2024-04-02T20:32:35.634566
33,Claudia Terán,cterán489,cterán489@itmerida.mx,EN VIVO,EN VIVO,EN VIVO,EN VIVO,SIN ASISTENCIA,EN VIVO,EN VIVO,SIN ASISTENCIA,1,1,1,1,6,6,0,4,75.0,100.0,2024-02-04T17:28:17.997414,2024-04-01T07:36:14.396949
34,Flavio Ybarra,fybarra891,fybarra891@gmail.com,EN VIVO,EN VIVO,GRABACIÓN,EN VIVO,SIN ASISTENCIA,SIN ASISTENCIA,SIN ASISTENCIA,SIN ASISTENCIA,1,0,1,0,4,3,1,2,50.0,50.0,2024-02-05T16:01:03.415655,2024-04-02T10:45:09.965822
35,Pedro Armendáriz,parmendáriz778,parmendáriz778@outlook.com,EN VIVO,EN VIVO,EN VIVO,SIN ASISTENCIA,GRABACIÓN,SIN ASISTENCIA,GRABACIÓN,SIN ASISTENCIA,1,1,0,0,5,3,2,2,62.5,50.0,2024-02-06T20:34:08.873090,2024-04-02T23:15:37.682330
36,Gerónimo Macías,gmacías310,gmacías310@uady.mx,EN VIVO,SIN ASISTENCIA,EN VIVO,GRABACIÓN,GRABACIÓN,SIN ASISTENCIA,EN VIVO,SIN ASISTENCIA,1,0,0,1,5,3,2,2,62.5,50.0,2024-02-06T19:58:11.361776,2024-04-02T20:23:41.423315
37,Caridad Delgado,cdelgado13,cdelgado13@outlook.com,EN VIVO,EN VIVO,SIN ASISTENCIA,SIN ASISTENCIA,EN VIVO,EN VIVO,SIN ASISTENCIA,EN VIVO,1,0,1,0,5,5,0,2,62.5,50.0,2024-02-04T22:43:31.510379,2024-04-02T23:03:31.892195
38,Marco Antonio Segura,msegura944,msegura944@gmail.com,EN VIVO,SIN ASISTENCIA,GRABACIÓN,GRABACIÓN,SIN ASISTENCIA,GRABACIÓN,EN VIVO,GRABACIÓN,1,1,1,1,6,2,4,4,75.0,100.0,2024-02-07T00:25:27.269257,2024-04-02T02:47:10.708078
39,Wilfrido Garza,wgarza633,wgarza633@hotmail.com,GRABACIÓN,EN VIVO,EN VIVO,EN VIVO,EN VIVO,EN VIVO,GRABACIÓN,SIN ASISTENCIA,0,1,1,1,7,5,2,3,87.5,75.0,2024-02-05T13:37:38.145051,2024-03-30T06:37:50.660540
40,Débora Velásquez,dvelásquez790,dvelásquez790@hotmail.com,EN VIVO,GRABACIÓN,SIN ASISTENCIA,SIN ASISTENCIA,SIN ASISTENCIA,SIN ASISTENCIA,EN VIVO,EN VIVO,1,0,0,0,4,3,1,1,50.0,25.0,2024-02-06T11:15:01.366664,2024-04-01T17:53:38.033474
41,Fidel Pizarro,fpizarro341,fpizarro341@uady.mx,EN VIVO,EN VIVO,SIN ASISTENCIA,EN VIVO,SIN ASISTENCIA,SIN ASISTENCIA,SIN ASISTENCIA,SIN ASISTENCIA,1,0,0,1,3,3,0,2,37.5,50.0,2024-02-06T14:40:41.047229,2024-03-30T23:16:51.482298
42,Germán Reyes,greyes961,greyes961@outlook.com,GRABACIÓN,GRABACIÓN,GRABACIÓN,SIN ASISTENCIA,SIN ASISTENCIA,EN VIVO,GRABACIÓN,SIN ASISTENCIA,1,1,1,1,5,1,4,4,62.5,100.0,2024-02-05T00:45:30.971986,2024-03-31T02:27:04.912700
43,Jaime Roldán,jroldán69,jroldán69@hotmail.com,GRABACIÓN,EN VIVO,EN VIVO,SIN ASISTENCIA,SIN ASISTENCIA,SIN ASISTENCIA,SIN ASISTENCIA,SIN ASISTENCIA,1,0,0,1,3,2,1,2,37.5,50.0,2024-02-04T22:11:38.995041,2024-03-31T13:04:39.873405
44,Octavio Laureano,olaureano759,olaureano759@uady.mx,EN VIVO,SIN ASISTENCIA,EN VIVO,GRABACIÓN,SIN ASISTENCIA,EN VIVO,SIN ASISTENCIA,SIN ASISTENCIA,1,0,1,0,4,3,1,2,50.0,50.0,2024-02-03T15:15:18.508504,2024-04-02T06:21:44.232231
45,Emiliano Chavarría,echavarría794,echavarría794@hotmail.com,GRABACIÓN,GRABACIÓN,GRABACIÓN,EN VIVO,GRABACIÓN,EN VIVO,EN VIVO,SIN ASISTENCIA,1,1,0,1,7,3,4,3,87.5,75.0,2024-02-03T14:26:46.781180,2024-04-02T18:46:51.072044
46,Cornelio Fonseca,cfonseca979,cfonseca979@itmerida.mx,GRABACIÓN,EN VIVO,GRABACIÓN,GRABACIÓN,SIN ASISTENCIA,SIN ASISTENCIA,SIN ASISTENCIA,EN VIVO,1,1,1,1,5,2,3,4,62.5,100.0,2024-02-06T17:38:09.820943,2024-04-01T00:59:35.229420
47,Ángela Lugo,álugo550,álugo550@itmerida.mx,EN VIVO,SIN ASISTENCIA,EN VIVO,EN VIVO,SIN ASISTENCIA,EN VIVO,SIN ASISTENCIA,SIN ASISTENCIA,1,0,1,0,4,4,0,2,50.0,50.0,2024-02-04T21:49:27.779363,2024-04-02T19:49:40.371526
48,Cristal de Jesús,cdejesús961,cdejesús961@itmerida.mx,GRABACIÓN,EN VIVO,SIN ASISTENCIA,SIN ASISTENCIA,SIN ASISTENCIA,SIN ASISTENCIA,EN VIVO,SIN ASISTENCIA,1,1,0,0,3,2,1,2,37.5,50.0,2024-02-07T01:56:06.735559,2024-04-02T17:35:18.765676
49,Elisa Cervántez,ecervántez418,ecervántez418@outlook.com,EN VIVO,EN VIVO,EN VIVO,SIN ASISTENCIA,SIN ASISTENCIA,EN VIVO,SIN ASISTENCIA,SIN ASISTENCIA,1,0,0,0,4,4,0,1,50.0,25.0,2024-02-07T02:37:11.731085,2024-04-02T01:52:48.361372
50,Emiliano Rodrígez,erodrígez472,erodrígez472@gmail.com,EN VIVO,EN VIVO,GRABACIÓN,EN VIVO,SIN ASISTENCIA,GRABACIÓN,SIN ASISTENCIA,SIN ASISTENCIA,1,0,0,1,5,3,2,2,62.5,50.0,2024-02-07T06:50:25.306720,2024-04-02T02:50:14.041004
51,Octavio Castro,ocastro75,ocastro75@outlook.com,EN VIVO,EN VIVO,EN VIVO,SIN ASISTENCIA,EN VIVO,SIN ASISTENCIA,SIN ASISTENCIA,SIN ASISTENCIA,1,0,0,0,4,4,0,1,50.0,25.0,2024-02-07T07:35:01.223346,2024-04-01T22:11:59.617899
52,Barbara de la Fuente,bdelafuente577,bdelafuente577@hotmail.com,EN VIVO,EN VIVO,GRABACIÓN,EN VIVO,SIN ASISTENCIA,GRABACIÓN,SIN ASISTENCIA,SIN ASISTENCIA,1,1,1,0,5,3,2,3,62.5,75.0,2024-02-06T01:17:13.420690,2024-03-31T07:16:46.013443
53,Leonardo Benítez,lbenítez82,lbenítez82@gmail.com,GRABACIÓN,GRABACIÓN,EN VIVO,EN VIVO,SIN ASISTENCIA,GRABACIÓN,GRABACIÓN,SIN ASISTENCIA,1,1,0,1,6,2,4,3,75.0,75.0,2024-02-06T14:34:23.349127,2024-03-30T12:52:32.042001
54,Sonia Mondragón,smondragón937,smondragón937@gmail.com,GRABACIÓN,GRABACIÓN,SIN ASISTENCIA,EN VIVO,EN VIVO,SIN ASISTENCIA,SIN ASISTENCIA,SIN ASISTENCIA,1,1,1,1,4,2,2,4,50.0,100.0,2024-02-05T00:57:53.758678,2024-04-01T00:39:18.932311
55,Marcela Roybal,mroybal536,mroybal536@hotmail.com,EN VIVO,EN VIVO,EN VIVO,SIN ASISTENCIA,SIN ASISTENCIA,EN VIVO,SIN ASISTENCIA,SIN ASISTENCIA,1,0,0,0,4,4,0,1,50.0,25.0,2024-02-06T20:35:03.336408,2024-04-02T03:33:51.581978
56,Amanda Anaya,aanaya229,aanaya229@itmerida.mx,GRABACIÓN,SIN ASISTENCIA,GRABACIÓN,EN VIVO,GRABACIÓN,SIN ASISTENCIA,EN VIVO,SIN ASISTENCIA,1,0,0,0,5,2,3,1,62.5,25.0,2024-02-04T03:34:49.861290,2024-03-31T23:22:04.423658
57,Agustín Sierra,asierra600,asierra600@uady.mx,EN VIVO,EN VIVO,EN VIVO,SIN ASISTENCIA,SIN ASISTENCIA,GRABACIÓN,SIN ASISTENCIA,GRABACIÓN,1,0,0,0,5,3,2,1,62.5,25.0,2024-02-04T07:10:51.657692,2024-04-01T15:00:58.121016
58,Irma Ramos,iramos836,iramos836@uady.mx,GRABACIÓN,EN VIVO,GRABACIÓN,GRABACIÓN,EN VIVO,SIN ASISTENCIA,SIN ASISTENCIA,SIN ASISTENCIA,1,1,0,1,5,2,3,3,62.5,75.0,2024-02-07T08:30:01.451782,2024-04-02T19:46:07.187365
59,María Luisa Tamez,mtamez109,mtamez109@uady.mx,GRABACIÓN,SIN ASISTENCIA,GRABACIÓN,EN VIVO,EN VIVO,EN VIVO,SIN ASISTENCIA,SIN ASISTENCIA,0,1,0,1,5,3,2,2,62.5,50.0,2024-02-04T08:52:53.905308,2024-04-02T10:46:06.972632
60,Juan Carlos Gálvez,jgálvez430,jgálvez430@uady.mx,GRABACIÓN,SIN ASISTENCIA,EN VIVO,GRABACIÓN,SIN ASISTENCIA,SIN ASISTENCIA,SIN ASISTENCIA,SIN ASISTENCIA,0,1,1,0,3,1,2,2,37.5,50.0,2024-02-04T00:09:20.387732,2024-04-02T04:27:13.958018
61,Silvano Gaytán,sgaytán72,sgaytán72@uady.mx,EN VIVO,EN VIVO,GRABACIÓN,SIN ASISTENCIA,EN VIVO,GRABACIÓN,GRABACIÓN,SIN ASISTENCIA,1,0,0,0,6,3,3,1,75.0,25.0,2024-02-04T21:11:18.523183,2024-03-31T09:20:29.178052
62,Irma Candelaria,icandelaria264,icandelaria264@hotmail.com,GRABACIÓN,EN VIVO,EN VIVO,GRABACIÓN,SIN ASISTENCIA,EN VIVO,SIN ASISTENCIA,SIN ASISTENCIA,1,0,0,1,5,3,2,2,62.5,50.0,2024-02-06T17:03:59.432217,2024-04-02T13:29:59.786854
63,Carlos Coronado,ccoronado469,ccoronado469@hotmail.com,EN VIVO,EN VIVO,SIN ASISTENCIA,GRABACIÓN,SIN ASISTENCIA,SIN ASISTENCIA,SIN ASISTENCIA,SIN ASISTENCIA,0,0,1,1,3,2,1,2,37.5,50.0,2024-02-03T15:56:35.970096,2024-04-02T17:51:55.860694
64,Clemente Camacho,ccamacho295,ccamacho295@uady.mx,EN VIVO,SIN ASISTENCIA,EN VIVO,SIN ASISTENCIA,SIN ASISTENCIA,SIN ASISTENCIA,SIN ASISTENCIA,SIN ASISTENCIA,1,0,0,0,2,2,0,1,25.0,25.0,2024-02-03T09:57:57.218997,2024-04-01T22:35:59.168636
65,Cynthia Raya,craya463,craya463@itmerida.mx,GRABACIÓN,GRABACIÓN,SIN ASISTENCIA,EN VIVO,SIN ASISTENCIA,GRABACIÓN,SIN ASISTENCIA,SIN ASISTENCIA,1,0,0,0,4,1,3,1,50.0,25.0,2024-02-06T12:55:40.124329,2024-04-02T18:33:45.508838
66,Rosalia Villalpando,rvillalpando677,rvillalpando677@itmerida.mx,EN VIVO,GRABACIÓN,EN VIVO,SIN ASISTENCIA,GRABACIÓN,SIN ASISTENCIA,SIN ASISTENCIA,EN VIVO,1,1,0,1,5,3,2,3,62.5,75.0,2024-02-04T13:38:06.042504,2024-03-30T10:36:24.002104
67,Horacio Becerra,hbecerra958,hbecerra958@hotmail.com,EN VIVO,EN VIVO,SIN ASISTENCIA,GRABACIÓN,SIN ASISTENCIA,SIN ASISTENCIA,EN VIVO,SIN ASISTENCIA,1,1,1,0,4,3,1,3,50.0,75.0,2024-02-04T19:30:54.519800,2024-03-31T14:32:42.887270
68,Georgina Maestas,gmaestas507,gmaestas507@uady.mx,EN VIVO,SIN ASISTENCIA,EN VIVO,SIN ASISTENCIA,SIN ASISTENCIA,SIN ASISTENCIA,EN VIVO,SIN ASISTENCIA,1,1,0,1,3,3,0,3,37.5,75.0,2024-02-04T17:11:29.665255,2024-04-02T19:35:42.461216
69,Espartaco Girón,egirón934,egirón934@gmail.com,EN VIVO,GRABACIÓN,EN VIVO,SIN ASISTENCIA,EN VIVO,EN VIVO,SIN ASISTENCIA,SIN ASISTENCIA,0,1,0,1,5,4,1,2,62.5,50.0,2024-02-04T20:55:02.872553,2024-04-02T22:40:08.533529
70,Rodrigo Durán,rdurán12,rdurán12@uady.mx,EN VIVO,EN VIVO,EN VIVO,SIN ASISTENCIA,EN VIVO,SIN ASISTENCIA,SIN ASISTENCIA,EN VIVO,1,0,0,0,5,5,0,1,62.5,25.0,2024-02-06T16:02:56.880698,2024-04-02T23:29:33.928316
71,Concepción Urbina,curbina302,curbina302@uady.mx,GRABACIÓN,EN VIVO,SIN ASISTENCIA,GRABACIÓN,GRABACIÓN,SIN ASISTENCIA,SIN ASISTENCIA,GRABACIÓN,0,0,1,1,5,1,4,2,62.5,50.0,2024-02-04T17:42:05.739550,2024-04-02T23:47:34.802950
72,Camilo Figueroa,cfigueroa204,cfigueroa204@outlook.com,GRABACIÓN,EN VIVO,SIN ASISTENCIA,EN VIVO,GRABACIÓN,SIN ASISTENCIA,SIN ASISTENCIA,GRABACIÓN,1,0,1,0,5,2,3,2,62.5,50.0,2024-02-06T20:11:25.493491,2024-04-01T21:00:51.035902
73,Cristina Cabán,ccabán603,ccabán603@itmerida.mx,EN VIVO,EN VIVO,EN VIVO,EN VIVO,SIN ASISTENCIA,GRABACIÓN,EN VIVO,EN VIVO,1,1,1,1,7,6,1,4,87.5,100.0,2024-02-05T08:24:45.943109,2024-04-01T05:38:35.035290
74,Ivonne Lovato,ilovato68,ilovato68@gmail.com,EN VIVO,SIN ASISTENCIA,EN VIVO,SIN ASISTENCIA,EN VIVO,SIN ASISTENCIA,SIN ASISTENCIA,SIN ASISTENCIA,1,0,0,1,3,3,0,2,37.5,50.0,2024-02-05T12:28:30.229500,2024-03-31T10:50:53.511228
75,Débora Molina,dmolina951,dmolina951@itmerida.mx,GRABACIÓN,EN VIVO,EN VIVO,SIN ASISTENCIA,EN VIVO,SIN ASISTENCIA,SIN ASISTENCIA,EN VIVO,1,0,0,0,5,4,1,1,62.5,25.0,2024-02-04T12:39:58.253959,2024-04-01T01:21:26.538081
76,Isaac Ramón,iramón993,iramón993@itmerida.mx,GRABACIÓN,EN VIVO,SIN ASISTENCIA,EN VIVO,SIN ASISTENCIA,SIN ASISTENCIA,EN VIVO,SIN ASISTENCIA,1,1,0,0,4,3,1,2,50.0,50.0,2024-02-05T09:20:57.424751,2024-04-01T12:28:05.902339
77,Micaela Olivera,molivera80,molivera80@itmerida.mx,GRABACIÓN,EN VIVO,GRABACIÓN,SIN ASISTENCIA,EN VIVO,SIN ASISTENCIA,SIN ASISTENCIA,SIN ASISTENCIA,0,1,0,1,4,2,2,2,50.0,50.0,2024-02-06T17:33:07.243011,2024-04-02T19:06:53.809949
78,Tania Coronado,tcoronado423,tcoronado423@gmail.com,EN VIVO,SIN ASISTENCIA,EN VIVO,SIN ASISTENCIA,SIN ASISTENCIA,GRABACIÓN,SIN ASISTENCIA,SIN ASISTENCIA,1,1,1,1,3,2,1,4,37.5,100.0,2024-02-04T08:39:20.615585,2024-04-01T07:33:32.785500
79,Felipe Sotelo,fsotelo618,fsotelo618@gmail.com,EN VIVO,EN VIVO,GRABACIÓN,SIN ASISTENCIA,SIN ASISTENCIA,SIN ASISTENCIA,EN VIVO,SIN ASISTENCIA,0,1,0,0,4,3,1,1,50.0,25.0,2024-02-04T13:06:26.538373,2024-04-01T13:18:23.370798
80,Jacinto Benavídez,jbenavídez683,jbenavídez683@itmerida.mx,GRABACIÓN,GRABACIÓN,GRABACIÓN,EN VIVO,SIN ASISTENCIA,SIN ASISTENCIA,SIN ASISTENCIA,EN VIVO,1,1,1,0,5,2,3,3,62.5,75.0,2024-02-06T15:07:37.354181,2024-04-01T05:16:26.254912
81,Inés Toro,itoro219,itoro219@outlook.com,GRABACIÓN,EN VIVO,SIN ASISTENCIA,SIN ASISTENCIA,EN VIVO,GRABACIÓN,GRABACIÓN,SIN ASISTENCIA,1,1,0,0,5,2,3,2,62.5,50.0,2024-02-04T04:17:16.840055,2024-04-01T18:17:02.339431
82,Andrés Arredondo,aarredondo415,aarredondo415@hotmail.com,EN VIVO,EN VIVO,SIN ASISTENCIA,EN VIVO,GRABACIÓN,SIN ASISTENCIA,GRABACIÓN,SIN ASISTENCIA,1,1,1,0,5,3,2,3,62.5,75.0,2024-02-05T11:35:00.597826,2024-03-31T22:57:30.797545
83,Jorge del Río,jdelrío333,jdelrío333@gmail.com,GRABACIÓN,EN VIVO,SIN ASISTENCIA,SIN ASISTENCIA,SIN ASISTENCIA,SIN ASISTENCIA,SIN ASISTENCIA,GRABACIÓN,1,1,1,0,3,1,2,3,37.5,75.0,2024-02-04T23:10:22.245514,2024-04-02T23:32:24.886098
84,Pedro Rico,prico646,prico646@itmerida.mx,EN VIVO,EN VIVO,EN VIVO,GRABACIÓN,EN VIVO,EN VIVO,EN VIVO,GRABACIÓN,1,1,0,0,8,6,2,2,100.0,50.0,2024-02-05T22:44:06.563737,2024-04-01T15:16:54.164789
85,María del Carmen Cotto,mcotto560,mcotto560@hotmail.com,EN VIVO,EN VIVO,EN VIVO,EN VIVO,SIN ASISTENCIA,SIN ASISTENCIA,SIN ASISTENCIA,SIN ASISTENCIA,1,1,0,0,4,4,0,2,50.0,50.0,2024-02-03T22:55:41.926698,2024-04-01T04:40:26.270120
86,Carla Vázquez,cvázquez965,cvázquez965@outlook.com,GRABACIÓN,SIN ASISTENCIA,EN VIVO,GRABACIÓN,SIN ASISTENCIA,GRABACIÓN,EN VIVO,SIN ASISTENCIA,1,0,0,0,5,2,3,1,62.5,25.0,2024-02-04T17:05:30.852863,2024-04-02T16:52:23.854706
87,Bruno Zelaya,bzelaya388,bzelaya388@outlook.com,GRABACIÓN,GRABACIÓN,EN VIVO,SIN ASISTENCIA,GRABACIÓN,SIN ASISTENCIA,SIN ASISTENCIA,SIN ASISTENCIA,1,0,0,1,4,1,3,2,50.0,50.0,2024-02-07T01:36:26.986909,2024-03-30T09:07:37.188511
88,Vanesa Chapa,vchapa863,vchapa863@itmerida.mx,GRABACIÓN,EN VIVO,GRABACIÓN,GRABACIÓN,EN VIVO,SIN ASISTENCIA,EN VIVO,SIN ASISTENCIA,1,1,1,1,6,3,3,4,75.0,100.0,2024-02-05T10:11:20.488253,2024-03-31T23:16:08.159211
89,Espartaco Lucero,elucero836,elucero836@itmerida.mx,GRABACIÓN,EN VIVO,EN VIVO,GRABACIÓN,SIN ASISTENCIA,SIN ASISTENCIA,SIN ASISTENCIA,GRABACIÓN,1,0,0,0,5,2,3,1,62.5,25.0,2024-02-03T17:35:01.494496,2024-04-02T13:17:41.201536
90,Ricardo de Anda,rdeanda316,rdeanda316@gmail.com,EN VIVO,GRABACIÓN,SIN ASISTENCIA,GRABACIÓN,EN VIVO,SIN ASISTENCIA,SIN ASISTENCIA,GRABACIÓN,1,0,1,1,5,2,3,3,62.5,75.0,2024-02-03T16:59:36.827444,2024-04-02T10:13:58.740077
91,Zoé Osorio,zosorio128,zosorio128@gmail.com,EN VIVO,GRABACIÓN,EN VIVO,SIN ASISTENCIA,SIN ASISTENCIA,EN VIVO,SIN ASISTENCIA,SIN ASISTENCIA,1,0,1,1,4,3,1,3,50.0,75.0,2024-02-06T07:00:48.915731,2024-04-01T04:36:42.842657
92,Carla Nieto,cnieto298,cnieto298@itmerida.mx,EN VIVO,EN VIVO,EN VIVO,SIN ASISTENCIA,SIN ASISTENCIA,SIN ASISTENCIA,SIN ASISTENCIA,SIN ASISTENCIA,1,1,1,1,3,3,0,4,37.5,100.0,2024-02-06T22:53:28.962197,2024-04-02T02:42:36.893676
93,Frida Madrid,fmadrid218,fmadrid218@outlook.com,GRABACIÓN,GRABACIÓN,SIN ASISTENCIA,SIN ASISTENCIA,GRABACIÓN,SIN ASISTENCIA,SIN ASISTENCIA,SIN ASISTENCIA,1,0,0,0,3,0,3,1,37.5,25.0,2024-02-05T12:34:11.979676,2024-03-30T19:22:20.163840
94,Jacinto Pedroza,jpedroza937,jpedroza937@gmail.com,GRABACIÓN,SIN ASISTENCIA,GRABACIÓN,SIN ASISTENCIA,GRABACIÓN,SIN ASISTENCIA,SIN ASISTENCIA,GRABACIÓN,1,0,0,1,4,0,4,2,50.0,50.0,2024-02-04T20:09:01.208708,2024-03-31T20:14:04.579606
95,Beatriz Gamboa,bgamboa859,bgamboa859@outlook.com,EN VIVO,GRABACIÓN,SIN ASISTENCIA,SIN ASISTENCIA,EN VIVO,EN VIVO,SIN ASISTENCIA,GRABACIÓN,1,0,0,1,5,3,2,2,62.5,50.0,2024-02-04T05:07:36.980616,2024-04-02T02:48:20.207282
96,Soledad Muñoz,smuñoz351,smuñoz351@hotmail.com,EN VIVO,EN VIVO,EN VIVO,SIN ASISTENCIA,SIN ASISTENCIA,EN VIVO,EN VIVO,EN VIVO,0,0,0,0,6,6,0,0,75.0,0.0,2024-02-07T10:36:54.848012,2024-04-01T06:23:59.590248
97,Alta  Gracia Guerrero,aguerrero769,aguerrero769@uady.mx,EN VIVO,EN VIVO,EN VIVO,GRABACIÓN,SIN ASISTENCIA,SIN ASISTENCIA,EN VIVO,SIN ASISTENCIA,1,0,0,1,5,4,1,2,62.5,50.0,2024-02-04T06:12:40.964154,2024-04-01T22:10:27.947530
98,Francisco Alvarez,falvarez19,falvarez19@gmail.com,EN VIVO,EN VIVO,EN VIVO,SIN ASISTENCIA,GRABACIÓN,SIN ASISTENCIA,SIN ASISTENCIA,GRABACIÓN,1,1,1,0,5,3,2,3,62.5,75.0,2024-02-07T09:33:02.553752,2024-04-02T11:12:13.476357
99,Alejandro Delgado,adelgado568,adelgado568@gmail.com,EN VIVO,GRABACIÓN,GRABACIÓN,EN VIVO,GRABACIÓN,SIN ASISTENCIA,EN VIVO,SIN ASISTENCIA,1,1,1,1,6,3,3,4,75.0,100.0,2024-02-05T22:22:18.000311,2024-04-01T09:41:58.022687
100,Noelia Cardona,ncardona575,ncardona575@hotmail.com,EN VIVO,EN VIVO,GRABACIÓN,SIN ASISTENCIA,SIN ASISTENCIA,EN VIVO,SIN ASISTENCIA,EN VIVO,1,0,0,1,5,4,1,2,62.5,50.0,2024-02-03T18:32:33.635770,2024-04-01T02:04:57.189419
101,Esperanza Benavides,ebenavides52,ebenavides52@outlook.com,EN VIVO,EN VIVO,EN VIVO,SIN ASISTENCIA,SIN ASISTENCIA,SIN ASISTENCIA,SIN ASISTENCIA,EN VIVO,1,0,1,0,4,4,0,2,50.0,50.0,2024-02-05T19:54:09.199514,2024-04-01T19:28:29.389604
102,Federico Carrero,fcarrero930,fcarrero930@outlook.com,EN VIVO,SIN ASISTENCIA,SIN ASISTENCIA,EN VIVO,EN VIVO,SIN ASISTENCIA,SIN ASISTENCIA,SIN ASISTENCIA,1,1,0,0,3,3,0,2,37.5,50.0,2024-02-06T19:46:14.309941,2024-04-01T11:06:18.312219
103,Bianca Corral,bcorral692,bcorral692@gmail.com,EN VIVO,GRABACIÓN,EN VIVO,EN VIVO,GRABACIÓN,SIN ASISTENCIA,SIN ASISTENCIA,GRABACIÓN,1,1,1,0,6,3,3,3,75.0,75.0,2024-02-05T07:41:23.749675,2024-03-31T21:49:48.011515
104,Violeta Piña,vpiña915,vpiña915@uady.mx,EN VIVO,EN VIVO,EN VIVO,SIN ASISTENCIA,SIN ASISTENCIA,SIN ASISTENCIA,EN VIVO,SIN ASISTENCIA,1,0,0,1,4,4,0,2,50.0,50.0,2024-02-05T20:20:45.987814,2024-04-02T16:52:47.267787
105,Manuel Correa,mcorrea895,mcorrea895@hotmail.com,GRABACIÓN,SIN ASISTENCIA,SIN ASISTENCIA,SIN ASISTENCIA,SIN ASISTENCIA,EN VIVO,SIN ASISTENCIA,EN VIVO,1,1,1,0,3,2,1,3,37.5,75.0,2024-02-06T16:56:46.704874,2024-03-31T17:41:42.290073
106,Rocío Valdés,rvaldés35,rvaldés35@hotmail.com,EN VIVO,EN VIVO,SIN ASISTENCIA,SIN ASISTENCIA,SIN ASISTENCIA,SIN ASISTENCIA,EN VIVO,SIN ASISTENCIA,1,0,1,0,3,3,0,2,37.5,50.0,2024-02-03T16:29:08.903982,2024-03-30T14:45:22.183793
107,Ángel Bustos,ábustos831,ábustos831@hotmail.com,EN VIVO,EN VIVO,SIN ASISTENCIA,SIN ASISTENCIA,EN VIVO,SIN ASISTENCIA,SIN ASISTENCIA,GRABACIÓN,1,1,0,1,4,3,1,3,50.0,75.0,2024-02-07T01:33:47.979445,2024-04-02T07:24:30.196097
108,Yuridia Bonilla,ybonilla816,ybonilla816@gmail.com,EN VIVO,EN VIVO,SIN ASISTENCIA,SIN ASISTENCIA,SIN ASISTENCIA,GRABACIÓN,GRABACIÓN,SIN ASISTENCIA,0,0,0,0,4,2,2,0,50.0,0.0,2024-02-06T01:32:32.474357,2024-04-01T00:33:04.277623
109,Citlali Zamudio,czamudio889,czamudio889@uady.mx,GRABACIÓN,EN VIVO,SIN ASISTENCIA,GRABACIÓN,SIN ASISTENCIA,EN VIVO,SIN ASISTENCIA,SIN ASISTENCIA,1,1,1,0,4,2,2,3,50.0,75.0,2024-02-04T06:47:26.662785,2024-03-30T20:46:55.849968
110,Santiago Menchaca,smenchaca846,smenchaca846@uady.mx,EN VIVO,SIN ASISTENCIA,EN VIVO,GRABACIÓN,EN VIVO,SIN ASISTENCIA,EN VIVO,SIN ASISTENCIA,1,1,0,0,5,4,1,2,62.5,50.0,2024-02-07T04:54:09.681956,2024-04-02T02:51:48.109608
111,Wendolin Moreno,wmoreno850,wmoreno850@hotmail.com,EN VIVO,GRABACIÓN,EN VIVO,EN VIVO,SIN ASISTENCIA,SIN ASISTENCIA,SIN ASISTENCIA,SIN ASISTENCIA,1,1,0,1,4,3,1,3,50.0,75.0,2024-02-04T04:25:23.027436,2024-04-02T01:37:13.057671
112,Delia Longoria,dlongoria685,dlongoria685@hotmail.com,EN VIVO,SIN ASISTENCIA,SIN ASISTENCIA,SIN ASISTENCIA,SIN ASISTENCIA,EN VIVO,SIN ASISTENCIA,SIN ASISTENCIA,1,1,0,1,2,2,0,3,25.0,75.0,2024-02-06T19:59:31.732439,2024-04-02T16:31:46.644361
113,Wilfrido Mojica,wmojica295,wmojica295@gmail.com,EN VIVO,EN VIVO,EN VIVO,EN VIVO,GRABACIÓN,EN VIVO,GRABACIÓN,SIN ASISTENCIA,1,1,0,0,7,5,2,2,87.5,50.0,2024-02-04T22:17:54.685906,2024-04-01T23:02:11.042623
114,Ignacio Gracia,igracia666,igracia666@itmerida.mx,EN VIVO,EN VIVO,GRABACIÓN,SIN ASISTENCIA,SIN ASISTENCIA,SIN ASISTENCIA,SIN ASISTENCIA,GRABACIÓN,0,0,1,1,4,2,2,2,50.0,50.0,2024-02-03T19:05:44.652591,2024-04-01T06:02:26.513192
115,Marisol Venegas,mvenegas349,mvenegas349@gmail.com,EN VIVO,EN VIVO,EN VIVO,SIN ASISTENCIA,EN VIVO,SIN ASISTENCIA,EN VIVO,SIN ASISTENCIA,1,1,0,0,5,5,0,2,62.5,50.0,2024-02-04T10:42:28.164267,2024-04-02T15:16:46.821832
116,Salma Madrigal,smadrigal192,smadrigal192@itmerida.mx,GRABACIÓN,EN VIVO,EN VIVO,GRABACIÓN,GRABACIÓN,EN VIVO,EN VIVO,SIN ASISTENCIA,1,0,1,0,7,4,3,2,87.5,50.0,2024-02-06T06:39:40.626470,2024-04-02T23:52:57.253821
117,María Luisa Arguello,marguello121,marguello121@itmerida.mx,EN VIVO,EN VIVO,EN VIVO,GRABACIÓN,SIN ASISTENCIA,EN VIVO,GRABACIÓN,EN VIVO,1,0,1,1,7,5,2,3,87.5,75.0,2024-02-05T15:26:59.444430,2024-04-02T14:55:55.190571
118,Liliana Covarrubias,lcovarrubias756,lcovarrubias756@outlook.com,EN VIVO,EN VIVO,GRABACIÓN,GRABACIÓN,GRABACIÓN,SIN ASISTENCIA,GRABACIÓN,GRABACIÓN,1,0,0,0,7,2,5,1,87.5,25.0,2024-02-06T00:48:58.217774,2024-04-02T00:36:24.483185
119,Úrsula Zavala,úzavala533,úzavala533@gmail.com,GRABACIÓN,EN VIVO,GRABACIÓN,EN VIVO,GRABACIÓN,SIN ASISTENCIA,SIN ASISTENCIA,EN VIVO,1,1,1,0,6,3,3,3,75.0,75.0,2024-02-06T12:06:58.843729,2024-04-02T16:39:41.824296
120,Alicia Cavazos,acavazos204,acavazos204@outlook.com,EN VIVO,EN VIVO,EN VIVO,EN VIVO,GRABACIÓN,SIN ASISTENCIA,SIN ASISTENCIA,SIN ASISTENCIA,1,0,0,0,5,4,1,1,62.5,25.0,2024-02-04T21:44:21.755926,2024-03-31T01:04:34.863198
