id,name,username,email,pregunta_1,pregunta_2,pregunta_3
1,Silvia Carrasco,scarrasco664,scarrasco664@gmail.com,true,Centro madrid antes carta.,3
2,María del Carmen Brito,mbrito260,mbrito260@hotmail.com,false,Sobre sí lado clase importancia vivir habrá.,1
3,Diana Garay,dgaray702,dgaray702@itmerida.mx,true,Alguna zonas peso medio relaciones alguna acuerdo serán.,5
4,Felix Caballero,fcaballero442,fcaballero442@gmail.com,true,Ellas palabras nombre.,1
5,Benjamín Rico,brico233,brico233@hotmail.com,false,Teoría interior seguir.,5
6,Rosario Nájera,rnájera213,rnájera213@itmerida.mx,false,Especie muy guerra junto otros lado mundo alguna ayuda.,2
7,Asunción Curiel,acuriel469,acuriel469@itmerida.mx,true,Situación público obstante haciendo color partido metros tenía tampoco.,1
8,Silvia Valdés,svaldés787,svaldés787@hotmail.com,true,Ocasiones riesgo desarrollo este mal mujeres fuera semanas junio hemos bastante.,3
9,Citlali Reynoso,creynoso294,creynoso294@hotmail.com,true,Madrid entrada resultado sean empresas b tengo.,3
10,Hernán Saucedo,hsaucedo114,hsaucedo114@gmail.com,true,Estuvo podrá cómo medio análisis especialmente buen.,1
11,Norma Rocha,nrocha377,nrocha377@outlook.com,false,R oro un valores acto quiero público república.,1
12,Francisco Javier Lozada,flozada757,flozada757@uady.mx,true,Miembros jamás militares muerte.,4
13,Jaqueline Domínguez,jdomínguez90,jdomínguez90@itmerida.mx,true,Comercio dicho buenos color cómo fecha.,5
14,Margarita Tamez,mtamez916,mtamez916@outlook.com,true,Sé al muerto sectores principios falta vez sectores encuentran gobierno.,1
15,Indira Barrientos,ibarrientos56,ibarrientos56@hotmail.com,false,Vino además hacía resto nombre tribunal relaciones bajo resultado marcha punto.,1
16,Zacarías Ozuna,zozuna885,zozuna885@hotmail.com,false,Alto dólares hacia tarde orden energía.,4
17,Maximiliano Villalobos,mvillalobos294,mvillalobos294@uady.mx,true,Mismo blanco desarrollo victoria intereses mismo.,2
18,Nicolás Leiva,nleiva389,nleiva389@outlook.com,false,Ejemplo esto etapa civil pronto programas cuestión tener gran.,3
19,Eloisa Moreno,emoreno728,emoreno728@gmail.com,true,Niño metros plaza líder según dio español.,5
20,Flavio Guzmán,fguzmán756,fguzmán756@hotmail.com,true,Menor nacional tras puntos temas.,4
21,Eduardo Quintero,equintero398,equintero398@outlook.com,false,Mi premio encontrar septiembre jorge.,3
22,Nicolás de la Crúz,ndelacrúz873,ndelacrúz873@gmail.com,true,Cerca entrar rodríguez nunca que niños jorge memoria verdad.,1
23,María Teresa Ruiz,mruiz834,mruiz834@outlook.com,true,Segundo generales dejar gracias actitud vez experiencia jefe industria.,3
24,Jacobo Báez,jbáez77,jbáez77@hotmail.com,false,Ocasión bien donde podrá minutos pacientes habría.,2
25,Mónica Villegas,mvillegas681,mvillegas681@uady.mx,true,Esa lucha garcía trata hombres grande seguridad algunas momento siquiera cara muerto etapa del posición.,4
26,Marisol Camarillo,mcamarillo156,mcamarillo156@outlook.com,true,Grandes nombre corte aspecto hacerlo único pasado volvió.,2
27,Tomás Tafoya,ttafoya772,ttafoya772@itmerida.mx,true,Cierto medidas diversos hombre mayor forma allá esos conocer región cualquier.,5
28,Sandra Jaime,sjaime448,sjaime448@itmerida.mx,true,Obra pequeña mi económico título era claro momento paciente estas arte ejército importancia.,3
29,Francisco Javier Benítez,fbenítez234,fbenítez234@hotmail.com,false,Alguien período comunicación entonces mientras falta revolución europea oro.,1
30,Araceli Gaitán,agaitán783,agaitán783@gmail.com,false,Tratamiento libro derechos temas teoría.,2
31,Jacinto Granado,jgranado652,jgranado652@hotmail.com,true,Razones pero estructura mayoría precios chile entrar supuesto público.,5
32,Flavio Olivas,folivas75,folivas75@uady.mx,true,Horas cámara movimiento familia produce guerra o será mil entrar piel dar república.,5
33,Claudia Terán,cterán489,cterán489@itmerida.mx,true,Mayor blanca cual imposible algunas.,5
34,Flavio Ybarra,fybarra891,fybarra891@gmail.com,true,Fernando seguridad teatro diez buen administración.,5
35,Pedro Armendáriz,parmendáriz778,parmendáriz778@outlook.com,false,La particular pasar escuela médico grande c tiempo norte proyecto seguridad.,1
36,Gerónimo Macías,gmacías310,gmacías310@uady.mx,true,Tratamiento paso ve palabra sistema partes.,4
37,Caridad Delgado,cdelgado13,cdelgado13@outlook.com,false,Casos hacen de unidos estudio cine bastante bueno arte.,5
38,Marco Antonio Segura,msegura944,msegura944@gmail.com,true,Amigos derecho norte objeto sí propios tu.,5
39,Wilfrido Garza,wgarza633,wgarza633@hotmail.com,true,Pero centro hacía parís ahora.,3
40,Débora Velásquez,dvelásquez790,dvelásquez790@hotmail.com,true,Central unas siete y d.,5
41,Fidel Pizarro,fpizarro341,fpizarro341@uady.mx,true,Película diario bueno vamos.,1
42,Germán Reyes,greyes961,greyes961@outlook.com,true,Tratamiento rafael unión suficiente socialista decía escuela prensa s hacen.,2
43,Jaime Roldán,jroldán69,jroldán69@hotmail.com,true,Llevar prueba alguna fácil gonzález.,1
44,Octavio Laureano,olaureano759,olaureano759@uady.mx,true,Viaje tu éste aparece.,5
45,Emiliano Chavarría,echavarría794,echavarría794@hotmail.com,true,Vista cómo nuestra especial mercado uso.,4
46,Cornelio Fonseca,cfonseca979,cfonseca979@itmerida.mx,true,López experiencia padres asunto ideas música y.,3
47,Ángela Lugo,álugo550,álugo550@itmerida.mx,false,Adelante jamás capital sean alguien productos nadie hizo cultura me éste.,2
48,Cristal de Jesús,cdejesús961,cdejesús961@itmerida.mx,true,Conseguir banco primeras superior medidas hace.,3
49,Elisa Cervántez,ecervántez418,ecervántez418@outlook.com,true,Mi interior bajo señor pequeño interior llevar octubre través.,5
50,Emiliano Rodrígez,erodrígez472,erodrígez472@gmail.com,true,Qué marzo posible bien constitución dos sin final fútbol posición.,2
51,Octavio Castro,ocastro75,ocastro75@outlook.com,true,Manuel usted ambiente.,5
52,Barbara de la Fuente,bdelafuente577,bdelafuente577@hotmail.com,false,Pablo formación diferencia tenía ministro dejar propuesta fuentes pequeña pesar.,1
53,Leonardo Benítez,lbenítez82,lbenítez82@gmail.com,false,Sociedad ve manos tiempos puerto europea fuerte también época sur bien.,1
54,Sonia Mondragón,smondragón937,smondragón937@gmail.com,true,Unidad sino estilo opinión técnica cambios cultura corazón peor todavía pasó.,1
55,Marcela Roybal,mroybal536,mroybal536@hotmail.com,true,Tales superior varios padre comenzó dar interés dejó habría existencia.,4
56,Amanda Anaya,aanaya229,aanaya229@itmerida.mx,true,Frente bajo tenían buena aspecto habrá muchas.,5
57,Agustín Sierra,asierra600,asierra600@uady.mx,true,Número seis voy san nuevos.,4
58,Irma Ramos,iramos836,iramos836@uady.mx,true,Cuanto minutos unas norte solo.,1
59,María Luisa Tamez,mtamez109,mtamez109@uady.mx,true,N resto propia miembros partir realidad valores mal miedo suficiente compañía.,4
60,Juan Carlos Gálvez,jgálvez430,jgálvez430@uady.mx,false,Pueblo izquierda humano rey conseguir octubre.,1
61,Silvano Gaytán,sgaytán72,sgaytán72@uady.mx,true,Manos río mucho muy han aquel solamente silencio.,1
62,Irma Candelaria,icandelaria264,icandelaria264@hotmail.com,true,Verdad posibilidad quiere peor través podrá estos él siguiente administración.,5
63,Carlos Coronado,ccoronado469,ccoronado469@hotmail.com,true,Martín gobierno final mar diferentes especialmente secretario características tampoco pequeña director energía empresas apoyo.,2
64,Clemente Camacho,ccamacho295,ccamacho295@uady.mx,false,Hubo nombre esa estar seguir luego.,1
65,Cynthia Raya,craya463,craya463@itmerida.mx,false,Futuro este podría tú intereses ese mí nombre.,1
66,Rosalia Villalpando,rvillalpando677,rvillalpando677@itmerida.mx,false,Medios defensa reunión pequeña.,1
67,Horacio Becerra,hbecerra958,hbecerra958@hotmail.com,true,Volver unión suerte distintas media.,4
68,Georgina Maestas,gmaestas507,gmaestas507@uady.mx,false,Semanas calidad central aunque son servicios varios obra.,4
69,Espartaco Girón,egirón934,egirón934@gmail.com,false,Respuesta lo doctor informe fuentes serán tienen juego arte.,4
70,Rodrigo Durán,rdurán12,rdurán12@uady.mx,false,Opinión siguiente ella segunda luz grande asociación proyecto realizar podría.,4
71,Concepción Urbina,curbina302,curbina302@uady.mx,true,Durante través mayor psoe señora tales la zonas llegó han dólares natural organización arte.,2
72,Camilo Figueroa,cfigueroa204,cfigueroa204@outlook.com,true,Momento podría aspecto gonzález me origen atrás seguro ministro con.,1
73,Cristina Cabán,ccabán603,ccabán603@itmerida.mx,true,Visto unos octubre.,3
74,Ivonne Lovato,ilovato68,ilovato68@gmail.com,false,Diferentes educación mes cara nuevo tener favor humanos pues tiempo psoe.,5
75,Débora Molina,dmolina951,dmolina951@itmerida.mx,true,Mejores tú dicho respuesta términos aire.,1
76,Isaac Ramón,iramón993,iramón993@itmerida.mx,false,Internacional seguir ministerio ninguna varios social ve.,2
77,Micaela Olivera,molivera80,molivera80@itmerida.mx,true,Había mayores ejército local hubiera norte.,2
78,Tania Coronado,tcoronado423,tcoronado423@gmail.com,true,Mucho peor mayoría mundo solución.,5
79,Felipe Sotelo,fsotelo618,fsotelo618@gmail.com,true,Quedó dirección bastante.,4
80,Jacinto Benavídez,jbenavídez683,jbenavídez683@itmerida.mx,true,Español realizar muestra ocasión industria intereses tampoco trata formación.,3
81,Inés Toro,itoro219,itoro219@outlook.com,true,Bien blanco distintas somos sean principio según económico tribunal sector acciones.,3
82,Andrés Arredondo,aarredondo415,aarredondo415@hotmail.com,true,Cuanto pesar decir tenido fuerte volver.,4
83,Jorge del Río,jdelrío333,jdelrío333@gmail.com,true,Comercio quizá san esfuerzo otras visto.,4
84,Pedro Rico,prico646,prico646@itmerida.mx,true,Revolución bueno podría.,1
85,María del Carmen Cotto,mcotto560,mcotto560@hotmail.com,true,Deseo rafael dicho imposible compañía cara manos premio adelante forma.,2
86,Carla Vázquez,cvázquez965,cvázquez965@outlook.com,true,Equipo ambiente como s antonio se señora.,2
87,Bruno Zelaya,bzelaya388,bzelaya388@outlook.com,false,Volvió fiscal características proceso chile estados manera obra.,4
88,Vanesa Chapa,vchapa863,vchapa863@itmerida.mx,false,Fiscal autor llegar primeros dejar consecuencia.,5
89,Espartaco Lucero,elucero836,elucero836@itmerida.mx,true,Tienen esto resultado r tenido.,5
90,Ricardo de Anda,rdeanda316,rdeanda316@gmail.com,true,Arriba tierra comercio película difícil vida texto ley.,3
91,Zoé Osorio,zosorio128,zosorio128@gmail.com,false,Tanto comisión nombre ayer solo deja información.,3
92,Carla Nieto,cnieto298,cnieto298@itmerida.mx,true,Mes objeto tipos mil actividades haciendo opinión.,3
93,Frida Madrid,fmadrid218,fmadrid218@outlook.com,false,Ante muy esta explicó ante tu pasar razón acción martín diario televisión respuesta.,3
94,Jacinto Pedroza,jpedroza937,jpedroza937@gmail.com,false,Volvió alta visita problema.,4
95,Beatriz Gamboa,bgamboa859,bgamboa859@outlook.com,true,Suficiente ciencia menos políticas conjunto.,1
96,Soledad Muñoz,smuñoz351,smuñoz351@hotmail.com,true,Muchas generales martín suerte ella bajo buenos r mi.,2
97,Alta  Gracia Guerrero,aguerrero769,aguerrero769@uady.mx,true,Aún título palabra plan aspectos lado juez expresión especialmente pueblo líder rafael televisión tenían.,5
98,Francisco Alvarez,falvarez19,falvarez19@gmail.com,true,Últimos expresión izquierda.,2
99,Alejandro Delgado,adelgado568,adelgado568@gmail.com,true,Mucho europa estos parte datos tengo.,5
100,Noelia Cardona,ncardona575,ncardona575@hotmail.com,true,Países debido principales pequeña amigos manos sangre sobre términos hija ir caso momentos.,2
101,Esperanza Benavides,ebenavides52,ebenavides52@outlook.com,true,Evitar él hora lleva hacen voz afirmó tenido miembros conocer.,1
102,Federico Carrero,fcarrero930,fcarrero930@outlook.com,false,Valores ejemplo julio desarrollo español miembros diferentes dijo actual partes.,2
103,Bianca Corral,bcorral692,bcorral692@gmail.com,false,Donde principios sí gran modelo local cuya plan cuales proyecto ellos libro.,5
104,Violeta Piña,vpiña915,vpiña915@uady.mx,false,Generales cantidad propia común.,2
105,Manuel Correa,mcorrea895,mcorrea895@hotmail.com,false,Tarde nada solución fuerza fecha partidos cuestión solución.,4
106,Rocío Valdés,rvaldés35,rvaldés35@hotmail.com,true,Muerto título mujeres mujer precisamente llegar buena a zonas fuerte estoy trabajo lleva.,4
107,Ángel Bustos,ábustos831,ábustos831@hotmail.com,false,Ejemplo ambos quiere único valores fácil jóvenes otra qué pasado secretario.,2
108,Yuridia Bonilla,ybonilla816,ybonilla816@gmail.com,true,Pocos capacidad arte esos mitad estos estudio tú viene efecto tratamiento muy.,1
109,Citlali Zamudio,czamudio889,czamudio889@uady.mx,true,Noche deseo materia doctor.,2
110,Santiago Menchaca,smenchaca846,smenchaca846@uady.mx,true,Serie salud quien época proceso estudios.,3
111,Wendolin Moreno,wmoreno850,wmoreno850@hotmail.com,true,Podrá fue es distintas pregunta fuentes pedro sabía.,1
112,Delia Longoria,dlongoria685,dlongoria685@hotmail.com,true,Lo voz creación secretario octubre has siempre exterior unas izquierda pública antonio.,3
113,Wilfrido Mojica,wmojica295,wmojica295@gmail.com,true,Cultural otro lleva tenido historia riesgo ahí curso siquiera.,3
114,Ignacio Gracia,igracia666,igracia666@itmerida.mx,true,Mis cuenta cómo peso vida marzo única actividad.,5
115,Marisol Venegas,mvenegas349,mvenegas349@gmail.com,true,Sangre diversas real r mal mediante joven.,3
116,Salma Madrigal,smadrigal192,smadrigal192@itmerida.mx,true,Hay sociales ministro julio hay principios otro entrar ciencia debido sociales puntos.,1
117,María Luisa Arguello,marguello121,marguello121@itmerida.mx,true,Encima varios nuevos debe nos estado revolución palabras quería prensa grupo final alto media.,3
118,Liliana Covarrubias,lcovarrubias756,lcovarrubias756@outlook.com,true,Grado obras juez permite qué blanco iba proyecto mar saber incluso.,5
119,Úrsula Zavala,úzavala533,úzavala533@gmail.com,true,Esa medidas profesional propio siete pocos además sabía otra estudios sangre.,5
120,Alicia Cavazos,acavazos204,acavazos204@outlook.com,false,Sí grande universidad es llegar marzo.,4
